HR,Time(sec),Label
68.0,1646062914.0,0
78.0,1646062915.0,0
73.67,1646062916.0,0
71.25,1646062917.0,0
69.8,1646062918.0,0
68.67,1646062919.0,0
69.43,1646062920.0,0
70.12,1646062921.0,0
70.44,1646062922.0,0
71.0,1646062923.0,0
71.36,1646062924.0,0
71.67,1646062925.0,0
72.0,1646062926.0,0
72.43,1646062927.0,0
72.73,1646062928.0,0
73.06,1646062929.0,0
73.88,1646062930.0,0
74.56,1646062931.0,0
75.11,1646062932.0,0
75.6,1646062933.0,0
75.62,1646062934.0,0
75.59,1646062935.0,0
75.61,1646062936.0,0
75.62,1646062937.0,0
75.52,1646062938.0,0
75.46,1646062939.0,0
75.37,1646062940.0,0
75.36,1646062941.0,0
75.41,1646062942.0,0
75.43,1646062943.0,0
75.42,1646062944.0,0
75.41,1646062945.0,0
75.39,1646062946.0,0
75.38,1646062947.0,0
75.37,1646062948.0,0
75.33,1646062949.0,0
75.32,1646062950.0,0
75.32,1646062951.0,0
75.33,1646062952.0,0
75.38,1646062953.0,0
75.44,1646062954.0,0
75.48,1646062955.0,0
75.56,1646062956.0,0
75.68,1646062957.0,0
75.78,1646062958.0,0
75.89,1646062959.0,0
76.04,1646062960.0,0
76.15,1646062961.0,0
77.04,1646062962.0,0
77.88,1646062963.0,0
78.67,1646062964.0,0
79.4,1646062965.0,0
80.13,1646062966.0,0
80.83,1646062967.0,0
81.55,1646062968.0,0
82.21,1646062969.0,0
82.88,1646062970.0,0
83.29,1646062971.0,0
83.75,1646062972.0,0
84.23,1646062973.0,0
85.03,1646062974.0,0
85.43,1646062975.0,0
86.23,1646062976.0,0
87.12,1646062977.0,0
87.83,1646062978.0,0
88.57,1646062979.0,0
89.12,1646062980.0,0
89.7,1646062981.0,0
90.32,1646062982.0,0
90.93,1646062983.0,0
91.57,1646062984.0,0
92.23,1646062985.0,0
92.9,1646062986.0,0
93.5,1646062987.0,0
94.15,1646062988.0,0
94.77,1646062989.0,0
95.25,1646062990.0,0
95.73,1646062991.0,0
96.25,1646062992.0,0
96.82,1646062993.0,0
97.57,1646062994.0,0
98.35,1646062995.0,0
99.12,1646062996.0,0
99.88,1646062997.0,0
100.78,1646062998.0,0
101.62,1646062999.0,0
102.65,1646063000.0,0
103.65,1646063001.0,0
104.75,1646063002.0,0
105.82,1646063003.0,0
106.9,1646063004.0,0
108.02,1646063005.0,0
109.15,1646063006.0,0
110.3,1646063007.0,0
111.47,1646063008.0,0
112.68,1646063009.0,0
113.83,1646063010.0,0
114.93,1646063011.0,0
115.98,1646063012.0,0
117.02,1646063013.0,0
118.05,1646063014.0,0
119.27,1646063015.0,0
119.98,1646063016.0,0
120.68,1646063017.0,0
121.35,1646063018.0,0
122.0,1646063019.0,0
122.62,1646063020.0,0
123.28,1646063021.0,0
123.25,1646063022.0,0
123.15,1646063023.0,0
123.07,1646063024.0,0
122.97,1646063025.0,0
122.87,1646063026.0,0
122.75,1646063027.0,0
122.58,1646063028.0,0
122.42,1646063029.0,0
122.25,1646063030.0,0
122.25,1646063031.0,0
122.2,1646063032.0,0
122.1,1646063033.0,0
121.95,1646063034.0,0
121.87,1646063035.0,0
121.77,1646063036.0,0
121.58,1646063037.0,0
121.58,1646063038.0,0
121.57,1646063039.0,0
121.57,1646063040.0,0
121.53,1646063041.0,0
121.55,1646063042.0,0
121.47,1646063043.0,0
121.43,1646063044.0,0
121.33,1646063045.0,0
120.9,1646063046.0,0
120.53,1646063047.0,0
120.17,1646063048.0,0
119.8,1646063049.0,0
119.4,1646063050.0,0
119.0,1646063051.0,0
118.65,1646063052.0,0
118.33,1646063053.0,0
117.98,1646063054.0,0
117.58,1646063055.0,0
117.2,1646063056.0,0
116.82,1646063057.0,0
116.43,1646063058.0,0
116.12,1646063059.0,0
115.58,1646063060.0,0
115.07,1646063061.0,0
114.43,1646063062.0,0
113.82,1646063063.0,0
113.22,1646063064.0,0
112.5,1646063065.0,0
111.78,1646063066.0,0
111.05,1646063067.0,0
110.28,1646063068.0,0
109.45,1646063069.0,0
108.63,1646063070.0,0
107.85,1646063071.0,0
107.12,1646063072.0,0
106.43,1646063073.0,0
105.73,1646063074.0,0
104.88,1646063075.0,0
104.47,1646063076.0,0
103.97,1646063077.0,0
103.42,1646063078.0,0
102.87,1646063079.0,0
102.32,1646063080.0,0
101.67,1646063081.0,0
101.05,1646063082.0,0
100.5,1646063083.0,0
99.95,1646063084.0,0
99.43,1646063085.0,0
98.73,1646063086.0,0
98.07,1646063087.0,0
97.48,1646063088.0,0
96.97,1646063089.0,0
96.38,1646063090.0,0
95.93,1646063091.0,0
95.48,1646063092.0,0
95.02,1646063093.0,0
94.63,1646063094.0,0
94.23,1646063095.0,0
93.82,1646063096.0,0
93.47,1646063097.0,0
93.1,1646063098.0,0
92.73,1646063099.0,0
92.37,1646063100.0,0
91.92,1646063101.0,0
91.38,1646063102.0,0
90.93,1646063103.0,0
90.43,1646063104.0,0
89.97,1646063105.0,0
89.8,1646063106.0,0
89.63,1646063107.0,0
89.47,1646063108.0,0
89.32,1646063109.0,0
89.15,1646063110.0,0
89.0,1646063111.0,0
88.78,1646063112.0,0
88.47,1646063113.0,0
88.1,1646063114.0,0
87.78,1646063115.0,0
87.45,1646063116.0,0
87.15,1646063117.0,0
86.77,1646063118.0,0
86.35,1646063119.0,0
85.95,1646063120.0,0
85.53,1646063121.0,0
85.13,1646063122.0,0
84.83,1646063123.0,0
84.52,1646063124.0,0
84.15,1646063125.0,0
83.78,1646063126.0,0
83.43,1646063127.0,0
83.1,1646063128.0,0
82.8,1646063129.0,0
82.53,1646063130.0,0
82.3,1646063131.0,0
82.07,1646063132.0,0
81.78,1646063133.0,0
81.5,1646063134.0,0
81.2,1646063135.0,0
80.92,1646063136.0,0
80.82,1646063137.0,0
80.8,1646063138.0,0
80.92,1646063139.0,0
80.98,1646063140.0,0
81.13,1646063141.0,0
81.3,1646063142.0,0
81.48,1646063143.0,0
81.68,1646063144.0,0
81.88,1646063145.0,0
82.25,1646063146.0,0
82.65,1646063147.0,0
82.92,1646063148.0,0
83.2,1646063149.0,0
83.5,1646063150.0,0
83.72,1646063151.0,0
83.97,1646063152.0,0
84.17,1646063153.0,0
84.47,1646063154.0,0
84.82,1646063155.0,0
85.15,1646063156.0,0
85.48,1646063157.0,0
85.82,1646063158.0,0
86.17,1646063159.0,0
86.5,1646063160.0,0
86.88,1646063161.0,0
87.25,1646063162.0,0
87.53,1646063163.0,0
87.87,1646063164.0,0
88.17,1646063165.0,0
88.52,1646063166.0,0
88.83,1646063167.0,0
89.08,1646063168.0,0
89.35,1646063169.0,0
89.65,1646063170.0,0
89.97,1646063171.0,0
90.28,1646063172.0,0
90.58,1646063173.0,0
90.9,1646063174.0,0
91.2,1646063175.0,0
91.45,1646063176.0,0
91.62,1646063177.0,0
91.8,1646063178.0,0
92.0,1646063179.0,0
92.2,1646063180.0,0
92.38,1646063181.0,0
92.5,1646063182.0,0
92.53,1646063183.0,0
92.55,1646063184.0,0
92.7,1646063185.0,0
92.78,1646063186.0,0
92.77,1646063187.0,0
92.73,1646063188.0,0
92.72,1646063189.0,0
92.68,1646063190.0,0
92.65,1646063191.0,0
92.63,1646063192.0,0
92.58,1646063193.0,0
92.58,1646063194.0,0
92.58,1646063195.0,0
92.6,1646063196.0,0
92.5,1646063197.0,0
92.42,1646063198.0,0
92.22,1646063199.0,0
92.1,1646063200.0,0
92.0,1646063201.0,0
91.9,1646063202.0,0
91.8,1646063203.0,0
91.7,1646063204.0,0
91.57,1646063205.0,0
91.43,1646063206.0,0
91.25,1646063207.0,0
91.13,1646063208.0,0
90.93,1646063209.0,0
90.77,1646063210.0,0
90.6,1646063211.0,0
90.38,1646063212.0,0
90.22,1646063213.0,0
89.85,1646063214.0,0
89.42,1646063215.0,0
89.02,1646063216.0,0
88.55,1646063217.0,0
88.07,1646063218.0,0
87.58,1646063219.0,0
87.13,1646063220.0,0
86.7,1646063221.0,0
86.35,1646063222.0,0
86.05,1646063223.0,0
85.72,1646063224.0,0
85.43,1646063225.0,0
85.22,1646063226.0,0
84.98,1646063227.0,0
84.82,1646063228.0,0
84.63,1646063229.0,0
84.42,1646063230.0,0
84.1,1646063231.0,0
83.62,1646063232.0,0
83.18,1646063233.0,0
82.8,1646063234.0,0
82.45,1646063235.0,0
82.13,1646063236.0,0
81.87,1646063237.0,0
81.57,1646063238.0,0
81.27,1646063239.0,0
80.98,1646063240.0,0
80.72,1646063241.0,0
80.47,1646063242.0,0
80.27,1646063243.0,0
80.13,1646063244.0,0
79.98,1646063245.0,0
79.88,1646063246.0,0
79.88,1646063247.0,0
79.88,1646063248.0,0
79.88,1646063249.0,0
79.93,1646063250.0,0
80.0,1646063251.0,0
80.0,1646063252.0,0
80.05,1646063253.0,0
80.03,1646063254.0,0
80.0,1646063255.0,0
80.1,1646063256.0,0
80.18,1646063257.0,0
80.25,1646063258.0,0
80.3,1646063259.0,0
80.37,1646063260.0,0
80.42,1646063261.0,0
80.42,1646063262.0,0
80.4,1646063263.0,0
80.4,1646063264.0,0
80.42,1646063265.0,0
80.43,1646063266.0,0
80.47,1646063267.0,0
80.53,1646063268.0,0
80.62,1646063269.0,0
80.68,1646063270.0,0
80.77,1646063271.0,0
80.85,1646063272.0,0
80.93,1646063273.0,0
81.07,1646063274.0,0
81.08,1646063275.0,0
81.12,1646063276.0,0
81.13,1646063277.0,0
81.15,1646063278.0,0
81.13,1646063279.0,0
81.08,1646063280.0,0
81.02,1646063281.0,0
80.93,1646063282.0,0
80.83,1646063283.0,0
80.73,1646063284.0,0
80.62,1646063285.0,0
80.4,1646063286.0,0
80.2,1646063287.0,0
79.97,1646063288.0,0
79.72,1646063289.0,0
79.5,1646063290.0,0
79.37,1646063291.0,0
79.38,1646063292.0,0
79.37,1646063293.0,0
79.32,1646063294.0,0
79.23,1646063295.0,0
79.17,1646063296.0,0
79.12,1646063297.0,0
79.1,1646063298.0,0
79.07,1646063299.0,0
79.03,1646063300.0,0
79.02,1646063301.0,0
79.03,1646063302.0,0
79.02,1646063303.0,0
78.95,1646063304.0,0
78.92,1646063305.0,0
78.88,1646063306.0,0
78.83,1646063307.0,0
78.85,1646063308.0,0
78.83,1646063309.0,0
78.75,1646063310.0,0
78.6,1646063311.0,0
78.47,1646063312.0,0
78.3,1646063313.0,0
78.15,1646063314.0,0
78.02,1646063315.0,0
77.67,1646063316.0,0
77.38,1646063317.0,0
77.12,1646063318.0,0
76.87,1646063319.0,0
76.57,1646063320.0,0
76.27,1646063321.0,0
76.02,1646063322.0,0
75.82,1646063323.0,0
75.58,1646063324.0,0
75.35,1646063325.0,0
75.13,1646063326.0,0
74.9,1646063327.0,0
74.63,1646063328.0,0
74.37,1646063329.0,0
74.1,1646063330.0,0
73.82,1646063331.0,0
73.53,1646063332.0,0
73.25,1646063333.0,0
72.92,1646063334.0,0
72.72,1646063335.0,0
72.48,1646063336.0,0
72.25,1646063337.0,0
72.03,1646063338.0,0
71.93,1646063339.0,0
71.8,1646063340.0,0
71.67,1646063341.0,0
71.47,1646063342.0,0
71.25,1646063343.0,0
71.03,1646063344.0,0
70.75,1646063345.0,0
70.42,1646063346.0,0
70.15,1646063347.0,0
69.82,1646063348.0,0
69.53,1646063349.0,0
69.28,1646063350.0,0
69.08,1646063351.0,0
68.95,1646063352.0,0
68.83,1646063353.0,0
68.72,1646063354.0,0
68.58,1646063355.0,0
68.42,1646063356.0,0
68.15,1646063357.0,0
67.87,1646063358.0,0
67.63,1646063359.0,0
67.37,1646063360.0,0
67.1,1646063361.0,0
66.82,1646063362.0,0
66.53,1646063363.0,0
66.3,1646063364.0,0
66.08,1646063365.0,0
65.78,1646063366.0,0
65.5,1646063367.0,0
65.38,1646063368.0,0
65.28,1646063369.0,0
65.22,1646063370.0,0
65.18,1646063371.0,0
65.18,1646063372.0,0
65.25,1646063373.0,0
65.32,1646063374.0,0
65.4,1646063375.0,0
65.57,1646063376.0,0
65.73,1646063377.0,0
65.92,1646063378.0,0
66.08,1646063379.0,0
66.23,1646063380.0,0
66.37,1646063381.0,0
66.52,1646063382.0,0
66.65,1646063383.0,0
66.75,1646063384.0,0
66.6,1646063385.0,0
66.38,1646063386.0,0
66.13,1646063387.0,0
65.97,1646063388.0,0
65.77,1646063389.0,0
65.57,1646063390.0,0
65.27,1646063391.0,0
65.05,1646063392.0,0
64.83,1646063393.0,0
64.65,1646063394.0,0
64.4,1646063395.0,0
64.2,1646063396.0,0
64.03,1646063397.0,0
63.87,1646063398.0,0
63.65,1646063399.0,0
63.47,1646063400.0,0
63.28,1646063401.0,0
63.13,1646063402.0,0
63.32,1646063403.0,0
63.5,1646063404.0,0
63.73,1646063405.0,0
64.02,1646063406.0,0
64.2,1646063407.0,0
64.47,1646063408.0,0
64.7,1646063409.0,0
64.92,1646063410.0,0
65.03,1646063411.0,0
65.08,1646063412.0,0
65.1,1646063413.0,0
65.13,1646063414.0,0
65.12,1646063415.0,0
65.08,1646063416.0,0
65.15,1646063417.0,0
65.23,1646063418.0,0
65.25,1646063419.0,0
65.28,1646063420.0,0
65.32,1646063421.0,0
65.37,1646063422.0,0
65.47,1646063423.0,0
65.53,1646063424.0,0
65.55,1646063425.0,0
65.65,1646063426.0,0
65.8,1646063427.0,0
65.72,1646063428.0,0
65.65,1646063429.0,0
65.62,1646063430.0,0
65.57,1646063431.0,0
65.52,1646063432.0,0
65.43,1646063433.0,0
65.43,1646063434.0,0
65.47,1646063435.0,0
65.48,1646063436.0,0
65.47,1646063437.0,0
65.45,1646063438.0,0
65.43,1646063439.0,0
65.43,1646063440.0,0
65.42,1646063441.0,0
65.38,1646063442.0,0
65.32,1646063443.0,0
65.28,1646063444.0,0
65.55,1646063445.0,0
65.88,1646063446.0,0
66.25,1646063447.0,0
66.55,1646063448.0,0
66.88,1646063449.0,0
67.22,1646063450.0,0
67.53,1646063451.0,0
67.75,1646063452.0,0
68.0,1646063453.0,0
68.23,1646063454.0,0
68.55,1646063455.0,0
68.82,1646063456.0,0
69.05,1646063457.0,0
69.3,1646063458.0,0
69.55,1646063459.0,0
69.83,1646063460.0,0
70.1,1646063461.0,0
70.38,1646063462.0,0
70.22,1646063463.0,0
70.0,1646063464.0,0
69.8,1646063465.0,0
69.75,1646063466.0,0
69.75,1646063467.0,0
69.73,1646063468.0,0
69.68,1646063469.0,0
69.68,1646063470.0,0
69.48,1646063471.0,0
69.32,1646063472.0,0
69.18,1646063473.0,0
69.02,1646063474.0,0
69.12,1646063475.0,1
69.32,1646063476.0,1
69.48,1646063477.0,1
69.8,1646063478.0,1
70.17,1646063479.0,1
70.6,1646063480.0,1
70.98,1646063481.0,1
71.38,1646063482.0,1
71.73,1646063483.0,1
72.08,1646063484.0,1
72.45,1646063485.0,1
72.8,1646063486.0,1
73.1,1646063487.0,1
73.45,1646063488.0,1
73.78,1646063489.0,1
74.1,1646063490.0,1
74.43,1646063491.0,1
74.77,1646063492.0,1
75.03,1646063493.0,1
75.3,1646063494.0,1
75.52,1646063495.0,1
75.72,1646063496.0,1
75.88,1646063497.0,1
75.82,1646063498.0,1
75.78,1646063499.0,1
75.75,1646063500.0,1
75.77,1646063501.0,1
75.78,1646063502.0,1
75.83,1646063503.0,1
75.85,1646063504.0,1
75.85,1646063505.0,1
75.83,1646063506.0,1
75.77,1646063507.0,1
75.68,1646063508.0,1
75.6,1646063509.0,1
75.53,1646063510.0,1
75.6,1646063511.0,1
75.68,1646063512.0,1
75.7,1646063513.0,1
75.73,1646063514.0,1
75.77,1646063515.0,1
75.8,1646063516.0,1
75.85,1646063517.0,1
75.9,1646063518.0,1
76.0,1646063519.0,1
76.05,1646063520.0,1
76.12,1646063521.0,1
76.18,1646063522.0,1
76.4,1646063523.0,1
76.65,1646063524.0,1
76.93,1646063525.0,1
77.03,1646063526.0,1
77.12,1646063527.0,1
77.2,1646063528.0,1
77.32,1646063529.0,1
77.35,1646063530.0,1
77.67,1646063531.0,1
78.0,1646063532.0,1
78.32,1646063533.0,1
78.67,1646063534.0,1
78.83,1646063535.0,1
78.95,1646063536.0,1
79.02,1646063537.0,1
78.95,1646063538.0,1
78.88,1646063539.0,1
78.78,1646063540.0,1
78.62,1646063541.0,1
78.43,1646063542.0,1
78.3,1646063543.0,1
78.18,1646063544.0,1
78.1,1646063545.0,1
78.08,1646063546.0,1
78.03,1646063547.0,1
77.92,1646063548.0,1
77.8,1646063549.0,1
77.65,1646063550.0,1
77.53,1646063551.0,1
77.42,1646063552.0,1
77.35,1646063553.0,1
77.22,1646063554.0,1
77.08,1646063555.0,1
76.98,1646063556.0,1
76.88,1646063557.0,1
76.97,1646063558.0,1
76.97,1646063559.0,1
76.97,1646063560.0,1
76.95,1646063561.0,1
76.92,1646063562.0,1
76.85,1646063563.0,1
76.83,1646063564.0,1
76.82,1646063565.0,1
76.78,1646063566.0,1
76.82,1646063567.0,1
76.87,1646063568.0,1
76.92,1646063569.0,1
76.98,1646063570.0,1
77.05,1646063571.0,1
77.13,1646063572.0,1
77.27,1646063573.0,1
77.38,1646063574.0,1
77.5,1646063575.0,1
77.63,1646063576.0,1
77.78,1646063577.0,1
77.93,1646063578.0,1
78.02,1646063579.0,1
78.12,1646063580.0,1
78.23,1646063581.0,1
78.33,1646063582.0,1
78.43,1646063583.0,1
78.53,1646063584.0,1
78.58,1646063585.0,1
78.67,1646063586.0,1
78.75,1646063587.0,1
78.83,1646063588.0,1
78.92,1646063589.0,1
79.03,1646063590.0,1
79.12,1646063591.0,1
79.18,1646063592.0,1
79.28,1646063593.0,1
79.4,1646063594.0,1
79.5,1646063595.0,1
79.6,1646063596.0,1
79.77,1646063597.0,1
79.87,1646063598.0,1
79.95,1646063599.0,1
80.0,1646063600.0,1
80.12,1646063601.0,1
80.22,1646063602.0,1
80.25,1646063603.0,1
80.23,1646063604.0,1
80.18,1646063605.0,1
80.08,1646063606.0,1
80.0,1646063607.0,1
79.95,1646063608.0,1
79.9,1646063609.0,1
79.87,1646063610.0,1
79.8,1646063611.0,1
79.72,1646063612.0,1
79.63,1646063613.0,1
79.53,1646063614.0,1
79.45,1646063615.0,1
79.37,1646063616.0,1
79.32,1646063617.0,1
79.3,1646063618.0,1
79.32,1646063619.0,1
79.33,1646063620.0,1
79.35,1646063621.0,1
79.4,1646063622.0,1
79.47,1646063623.0,1
79.53,1646063624.0,1
79.58,1646063625.0,1
79.65,1646063626.0,1
79.73,1646063627.0,1
79.8,1646063628.0,1
79.88,1646063629.0,1
79.93,1646063630.0,1
79.97,1646063631.0,1
80.0,1646063632.0,1
80.02,1646063633.0,1
80.05,1646063634.0,1
80.05,1646063635.0,1
80.05,1646063636.0,1
80.07,1646063637.0,1
80.07,1646063638.0,1
80.05,1646063639.0,1
80.02,1646063640.0,1
79.98,1646063641.0,1
79.97,1646063642.0,1
79.95,1646063643.0,1
79.92,1646063644.0,1
79.92,1646063645.0,1
79.92,1646063646.0,1
79.92,1646063647.0,1
79.93,1646063648.0,1
79.95,1646063649.0,1
79.97,1646063650.0,1
79.97,1646063651.0,1
79.95,1646063652.0,1
79.92,1646063653.0,1
79.87,1646063654.0,1
79.8,1646063655.0,1
79.72,1646063656.0,1
79.62,1646063657.0,1
79.53,1646063658.0,1
79.45,1646063659.0,1
79.38,1646063660.0,1
79.33,1646063661.0,1
79.3,1646063662.0,1
79.28,1646063663.0,1
79.28,1646063664.0,1
79.3,1646063665.0,1
79.32,1646063666.0,1
79.35,1646063667.0,1
79.38,1646063668.0,1
79.42,1646063669.0,1
79.45,1646063670.0,1
79.48,1646063671.0,1
79.52,1646063672.0,1
79.55,1646063673.0,1
79.62,1646063674.0,1
79.65,1646063675.0,1
79.68,1646063676.0,1
79.7,1646063677.0,1
79.7,1646063678.0,1
79.72,1646063679.0,1
79.73,1646063680.0,1
79.75,1646063681.0,1
79.75,1646063682.0,1
79.75,1646063683.0,1
79.75,1646063684.0,1
79.75,1646063685.0,1
79.77,1646063686.0,1
79.77,1646063687.0,1
79.78,1646063688.0,1
79.8,1646063689.0,1
79.83,1646063690.0,1
79.87,1646063691.0,1
79.9,1646063692.0,1
79.93,1646063693.0,1
79.93,1646063694.0,1
79.95,1646063695.0,1
79.98,1646063696.0,1
79.98,1646063697.0,1
80.0,1646063698.0,1
80.0,1646063699.0,1
80.03,1646063700.0,1
80.07,1646063701.0,1
80.08,1646063702.0,1
80.1,1646063703.0,1
80.13,1646063704.0,1
80.12,1646063705.0,1
80.1,1646063706.0,1
80.07,1646063707.0,1
80.02,1646063708.0,1
79.95,1646063709.0,1
79.87,1646063710.0,1
79.78,1646063711.0,1
79.7,1646063712.0,1
79.62,1646063713.0,1
79.53,1646063714.0,1
79.45,1646063715.0,1
79.38,1646063716.0,1
79.32,1646063717.0,1
79.25,1646063718.0,1
79.18,1646063719.0,1
79.12,1646063720.0,1
79.07,1646063721.0,1
79.02,1646063722.0,1
78.98,1646063723.0,1
78.95,1646063724.0,1
78.92,1646063725.0,1
78.88,1646063726.0,1
78.85,1646063727.0,1
78.83,1646063728.0,1
78.83,1646063729.0,1
78.83,1646063730.0,1
78.85,1646063731.0,1
78.87,1646063732.0,1
78.88,1646063733.0,1
78.83,1646063734.0,1
78.78,1646063735.0,1
78.72,1646063736.0,1
78.63,1646063737.0,1
78.57,1646063738.0,1
78.5,1646063739.0,1
78.43,1646063740.0,1
78.37,1646063741.0,1
78.32,1646063742.0,1
78.27,1646063743.0,1
78.2,1646063744.0,1
78.15,1646063745.0,1
78.08,1646063746.0,1
78.0,1646063747.0,1
77.92,1646063748.0,1
77.82,1646063749.0,1
77.73,1646063750.0,1
77.67,1646063751.0,1
77.6,1646063752.0,1
77.53,1646063753.0,1
77.47,1646063754.0,1
77.42,1646063755.0,1
77.35,1646063756.0,1
77.32,1646063757.0,1
77.28,1646063758.0,1
77.28,1646063759.0,1
77.27,1646063760.0,1
77.25,1646063761.0,1
77.23,1646063762.0,1
77.18,1646063763.0,1
77.1,1646063764.0,1
77.03,1646063765.0,1
76.97,1646063766.0,1
76.92,1646063767.0,1
76.87,1646063768.0,1
76.83,1646063769.0,1
76.82,1646063770.0,1
76.83,1646063771.0,1
76.87,1646063772.0,1
76.88,1646063773.0,1
76.9,1646063774.0,1
76.95,1646063775.0,1
77.0,1646063776.0,1
77.07,1646063777.0,1
77.15,1646063778.0,1
77.23,1646063779.0,1
77.3,1646063780.0,1
77.37,1646063781.0,1
77.55,1646063782.0,1
77.72,1646063783.0,1
77.88,1646063784.0,1
78.03,1646063785.0,1
78.17,1646063786.0,1
78.25,1646063787.0,1
78.28,1646063788.0,1
78.27,1646063789.0,1
78.12,1646063790.0,1
77.97,1646063791.0,1
77.82,1646063792.0,1
77.67,1646063793.0,1
77.55,1646063794.0,1
77.45,1646063795.0,1
77.38,1646063796.0,1
77.33,1646063797.0,1
77.3,1646063798.0,1
77.27,1646063799.0,1
77.25,1646063800.0,1
77.23,1646063801.0,1
77.22,1646063802.0,1
77.2,1646063803.0,1
77.18,1646063804.0,1
77.17,1646063805.0,1
77.17,1646063806.0,1
77.17,1646063807.0,1
77.13,1646063808.0,1
77.1,1646063809.0,1
77.03,1646063810.0,1
76.95,1646063811.0,1
76.85,1646063812.0,1
76.78,1646063813.0,1
76.73,1646063814.0,1
76.68,1646063815.0,1
76.63,1646063816.0,1
76.57,1646063817.0,1
76.48,1646063818.0,1
76.38,1646063819.0,1
76.27,1646063820.0,1
76.13,1646063821.0,1
76.02,1646063822.0,1
75.93,1646063823.0,1
75.88,1646063824.0,1
75.85,1646063825.0,1
75.82,1646063826.0,1
75.78,1646063827.0,1
75.75,1646063828.0,1
75.72,1646063829.0,1
75.67,1646063830.0,1
75.6,1646063831.0,1
75.52,1646063832.0,1
75.43,1646063833.0,1
75.37,1646063834.0,1
75.28,1646063835.0,1
75.2,1646063836.0,1
75.12,1646063837.0,1
75.03,1646063838.0,1
74.95,1646063839.0,1
74.88,1646063840.0,0
74.78,1646063841.0,0
74.5,1646063842.0,0
74.18,1646063843.0,0
74.02,1646063844.0,0
73.83,1646063845.0,0
73.63,1646063846.0,0
74.02,1646063847.0,0
74.45,1646063848.0,0
74.92,1646063849.0,0
75.53,1646063850.0,0
76.13,1646063851.0,0
76.73,1646063852.0,0
77.33,1646063853.0,0
77.9,1646063854.0,0
78.47,1646063855.0,0
78.97,1646063856.0,0
79.47,1646063857.0,0
79.88,1646063858.0,0
80.33,1646063859.0,0
80.83,1646063860.0,0
81.33,1646063861.0,0
81.82,1646063862.0,0
82.3,1646063863.0,0
82.8,1646063864.0,0
83.2,1646063865.0,0
83.62,1646063866.0,0
84.07,1646063867.0,0
84.48,1646063868.0,0
84.92,1646063869.0,0
85.37,1646063870.0,0
86.0,1646063871.0,0
86.52,1646063872.0,0
87.02,1646063873.0,0
87.5,1646063874.0,0
87.98,1646063875.0,0
88.43,1646063876.0,0
88.88,1646063877.0,0
89.3,1646063878.0,0
89.77,1646063879.0,0
90.17,1646063880.0,0
90.53,1646063881.0,0
90.83,1646063882.0,0
91.12,1646063883.0,0
91.4,1646063884.0,0
91.68,1646063885.0,0
91.95,1646063886.0,0
92.23,1646063887.0,0
92.52,1646063888.0,0
92.68,1646063889.0,0
92.9,1646063890.0,0
93.13,1646063891.0,0
93.37,1646063892.0,0
93.58,1646063893.0,0
93.78,1646063894.0,0
94.0,1646063895.0,0
94.22,1646063896.0,0
94.5,1646063897.0,0
94.78,1646063898.0,0
95.05,1646063899.0,0
95.3,1646063900.0,0
95.28,1646063901.0,0
95.33,1646063902.0,0
95.45,1646063903.0,0
95.42,1646063904.0,0
95.43,1646063905.0,0
95.43,1646063906.0,0
94.85,1646063907.0,0
94.25,1646063908.0,0
93.65,1646063909.0,0
93.03,1646063910.0,0
92.38,1646063911.0,0
91.72,1646063912.0,0
91.02,1646063913.0,0
90.37,1646063914.0,0
89.73,1646063915.0,0
89.17,1646063916.0,0
88.72,1646063917.0,0
88.33,1646063918.0,0
87.87,1646063919.0,0
87.33,1646063920.0,0
86.8,1646063921.0,0
86.12,1646063922.0,0
85.52,1646063923.0,0
84.87,1646063924.0,0
84.28,1646063925.0,0
83.72,1646063926.0,0
83.13,1646063927.0,0
82.62,1646063928.0,0
82.12,1646063929.0,0
81.55,1646063930.0,0
80.82,1646063931.0,0
80.22,1646063932.0,0
79.65,1646063933.0,0
79.1,1646063934.0,0
78.53,1646063935.0,0
78.03,1646063936.0,0
77.5,1646063937.0,0
77.0,1646063938.0,0
76.43,1646063939.0,0
75.97,1646063940.0,0
75.6,1646063941.0,0
75.28,1646063942.0,0
75.03,1646063943.0,0
74.8,1646063944.0,0
74.57,1646063945.0,0
74.35,1646063946.0,0
74.1,1646063947.0,0
73.85,1646063948.0,0
73.72,1646063949.0,0
73.52,1646063950.0,0
73.28,1646063951.0,0
73.02,1646063952.0,0
72.78,1646063953.0,0
72.57,1646063954.0,0
72.33,1646063955.0,0
72.1,1646063956.0,0
71.8,1646063957.0,0
71.52,1646063958.0,0
71.27,1646063959.0,0
71.05,1646063960.0,0
71.15,1646063961.0,0
71.28,1646063962.0,0
71.37,1646063963.0,0
71.5,1646063964.0,0
71.6,1646063965.0,0
71.78,1646063966.0,0
72.02,1646063967.0,0
72.28,1646063968.0,0
72.65,1646063969.0,0
72.98,1646063970.0,0
73.37,1646063971.0,0
73.77,1646063972.0,0
74.23,1646063973.0,0
74.7,1646063974.0,0
75.15,1646063975.0,0
75.57,1646063976.0,0
75.87,1646063977.0,0
76.2,1646063978.0,0
76.63,1646063979.0,0
77.05,1646063980.0,0
77.47,1646063981.0,0
78.07,1646063982.0,0
78.58,1646063983.0,0
79.17,1646063984.0,0
79.8,1646063985.0,0
80.45,1646063986.0,0
81.08,1646063987.0,0
81.7,1646063988.0,0
82.25,1646063989.0,0
82.87,1646063990.0,0
83.47,1646063991.0,0
84.08,1646063992.0,0
84.65,1646063993.0,0
85.2,1646063994.0,0
85.75,1646063995.0,0
86.27,1646063996.0,0
86.82,1646063997.0,0
87.4,1646063998.0,0
87.97,1646063999.0,0
88.52,1646064000.0,0
89.02,1646064001.0,0
89.53,1646064002.0,0
90.03,1646064003.0,0
90.52,1646064004.0,0
91.1,1646064005.0,0
91.72,1646064006.0,0
92.37,1646064007.0,0
93.0,1646064008.0,0
93.7,1646064009.0,0
94.4,1646064010.0,0
95.08,1646064011.0,0
95.85,1646064012.0,0
96.6,1646064013.0,0
97.35,1646064014.0,0
98.08,1646064015.0,0
98.8,1646064016.0,0
99.47,1646064017.0,0
100.05,1646064018.0,0
100.58,1646064019.0,0
101.13,1646064020.0,0
101.67,1646064021.0,0
102.12,1646064022.0,0
102.58,1646064023.0,0
102.98,1646064024.0,0
103.38,1646064025.0,0
103.75,1646064026.0,0
104.1,1646064027.0,0
104.47,1646064028.0,0
104.82,1646064029.0,0
105.18,1646064030.0,0
105.53,1646064031.0,0
105.88,1646064032.0,0
106.22,1646064033.0,0
106.6,1646064034.0,0
107.02,1646064035.0,0
107.45,1646064036.0,0
107.85,1646064037.0,0
108.23,1646064038.0,0
108.58,1646064039.0,0
108.95,1646064040.0,0
109.28,1646064041.0,0
109.6,1646064042.0,0
109.9,1646064043.0,0
110.22,1646064044.0,0
110.5,1646064045.0,0
110.72,1646064046.0,0
110.93,1646064047.0,0
111.17,1646064048.0,0
111.43,1646064049.0,0
111.72,1646064050.0,0
111.98,1646064051.0,0
112.23,1646064052.0,0
112.48,1646064053.0,0
112.75,1646064054.0,0
113.03,1646064055.0,0
113.28,1646064056.0,0
113.55,1646064057.0,0
113.78,1646064058.0,0
114.33,1646064059.0,0
114.88,1646064060.0,0
115.43,1646064061.0,0
116.05,1646064062.0,0
116.58,1646064063.0,0
117.1,1646064064.0,0
117.55,1646064065.0,0
117.33,1646064066.0,0
117.1,1646064067.0,0
116.92,1646064068.0,0
116.45,1646064069.0,0
116.05,1646064070.0,0
115.63,1646064071.0,0
115.17,1646064072.0,0
114.7,1646064073.0,0
114.22,1646064074.0,0
113.78,1646064075.0,0
113.4,1646064076.0,0
113.05,1646064077.0,0
112.72,1646064078.0,0
112.47,1646064079.0,0
112.2,1646064080.0,0
111.93,1646064081.0,0
111.73,1646064082.0,0
111.5,1646064083.0,0
111.25,1646064084.0,0
111.03,1646064085.0,0
110.73,1646064086.0,0
110.38,1646064087.0,0
109.98,1646064088.0,0
109.53,1646064089.0,0
109.12,1646064090.0,0
108.73,1646064091.0,0
108.28,1646064092.0,0
107.82,1646064093.0,0
107.3,1646064094.0,0
106.75,1646064095.0,0
106.2,1646064096.0,0
105.73,1646064097.0,0
105.25,1646064098.0,0
104.77,1646064099.0,0
104.3,1646064100.0,0
103.88,1646064101.0,0
103.45,1646064102.0,0
103.02,1646064103.0,0
102.55,1646064104.0,0
102.08,1646064105.0,0
101.62,1646064106.0,0
101.15,1646064107.0,0
100.67,1646064108.0,0
100.17,1646064109.0,0
99.67,1646064110.0,0
99.18,1646064111.0,0
98.7,1646064112.0,0
98.23,1646064113.0,0
97.75,1646064114.0,0
97.28,1646064115.0,0
96.85,1646064116.0,0
96.4,1646064117.0,1
95.95,1646064118.0,1
95.22,1646064119.0,1
94.5,1646064120.0,1
93.78,1646064121.0,1
92.98,1646064122.0,1
92.25,1646064123.0,1
91.5,1646064124.0,1
90.7,1646064125.0,1
90.52,1646064126.0,1
90.37,1646064127.0,1
90.18,1646064128.0,1
90.18,1646064129.0,1
90.13,1646064130.0,1
90.15,1646064131.0,1
90.0,1646064132.0,1
89.92,1646064133.0,1
89.85,1646064134.0,1
89.73,1646064135.0,1
89.6,1646064136.0,1
89.47,1646064137.0,1
89.42,1646064138.0,1
89.33,1646064139.0,1
89.25,1646064140.0,1
89.15,1646064141.0,1
89.07,1646064142.0,1
89.0,1646064143.0,1
89.0,1646064144.0,1
88.97,1646064145.0,1
89.02,1646064146.0,1
89.12,1646064147.0,1
89.22,1646064148.0,1
89.27,1646064149.0,1
89.35,1646064150.0,1
89.37,1646064151.0,1
89.5,1646064152.0,1
89.58,1646064153.0,1
89.67,1646064154.0,1
89.77,1646064155.0,1
89.87,1646064156.0,1
89.9,1646064157.0,1
89.9,1646064158.0,1
89.88,1646064159.0,1
89.83,1646064160.0,1
89.73,1646064161.0,1
89.55,1646064162.0,1
89.38,1646064163.0,1
89.22,1646064164.0,1
89.07,1646064165.0,1
88.9,1646064166.0,1
88.68,1646064167.0,1
88.45,1646064168.0,1
88.23,1646064169.0,1
88.0,1646064170.0,1
87.78,1646064171.0,1
87.57,1646064172.0,1
87.35,1646064173.0,1
87.17,1646064174.0,1
86.98,1646064175.0,1
86.8,1646064176.0,1
86.65,1646064177.0,1
86.45,1646064178.0,1
86.23,1646064179.0,1
86.0,1646064180.0,1
85.75,1646064181.0,1
85.52,1646064182.0,1
85.25,1646064183.0,1
85.0,1646064184.0,1
84.8,1646064185.0,1
84.62,1646064186.0,1
84.4,1646064187.0,1
84.17,1646064188.0,1
83.95,1646064189.0,1
83.72,1646064190.0,1
83.47,1646064191.0,1
83.37,1646064192.0,1
83.2,1646064193.0,1
83.02,1646064194.0,1
82.87,1646064195.0,1
82.72,1646064196.0,1
82.58,1646064197.0,1
82.42,1646064198.0,1
82.23,1646064199.0,1
82.05,1646064200.0,1
81.9,1646064201.0,1
81.7,1646064202.0,1
81.53,1646064203.0,1
81.33,1646064204.0,1
81.15,1646064205.0,1
80.97,1646064206.0,1
80.77,1646064207.0,1
80.57,1646064208.0,1
80.43,1646064209.0,1
80.27,1646064210.0,1
80.22,1646064211.0,1
80.12,1646064212.0,1
80.07,1646064213.0,1
80.0,1646064214.0,1
79.92,1646064215.0,1
79.87,1646064216.0,1
79.82,1646064217.0,1
79.77,1646064218.0,1
79.7,1646064219.0,1
79.58,1646064220.0,1
79.48,1646064221.0,1
79.33,1646064222.0,1
79.17,1646064223.0,1
78.93,1646064224.0,1
78.67,1646064225.0,1
78.42,1646064226.0,1
78.2,1646064227.0,1
77.93,1646064228.0,1
77.68,1646064229.0,1
77.42,1646064230.0,1
77.1,1646064231.0,1
76.88,1646064232.0,1
76.68,1646064233.0,1
76.48,1646064234.0,1
76.27,1646064235.0,1
76.03,1646064236.0,1
75.77,1646064237.0,1
75.48,1646064238.0,1
75.28,1646064239.0,1
75.1,1646064240.0,1
75.05,1646064241.0,1
75.0,1646064242.0,1
74.97,1646064243.0,1
74.95,1646064244.0,1
74.9,1646064245.0,1
74.85,1646064246.0,1
74.78,1646064247.0,1
74.73,1646064248.0,1
74.7,1646064249.0,1
74.7,1646064250.0,1
74.7,1646064251.0,1
74.73,1646064252.0,1
74.82,1646064253.0,1
74.9,1646064254.0,1
74.98,1646064255.0,1
75.07,1646064256.0,1
75.12,1646064257.0,1
75.18,1646064258.0,1
75.2,1646064259.0,1
75.17,1646064260.0,1
75.1,1646064261.0,1
75.03,1646064262.0,1
74.93,1646064263.0,1
74.78,1646064264.0,1
74.63,1646064265.0,1
74.48,1646064266.0,1
74.38,1646064267.0,1
74.23,1646064268.0,1
74.08,1646064269.0,1
73.92,1646064270.0,1
73.65,1646064271.0,1
73.38,1646064272.0,1
73.08,1646064273.0,1
72.8,1646064274.0,1
72.53,1646064275.0,1
72.25,1646064276.0,1
72.02,1646064277.0,1
71.85,1646064278.0,1
71.68,1646064279.0,1
71.58,1646064280.0,1
71.5,1646064281.0,1
71.55,1646064282.0,1
71.62,1646064283.0,1
71.73,1646064284.0,1
71.87,1646064285.0,1
71.98,1646064286.0,1
72.12,1646064287.0,1
72.32,1646064288.0,1
72.52,1646064289.0,1
72.73,1646064290.0,1
73.02,1646064291.0,1
73.2,1646064292.0,1
73.35,1646064293.0,1
73.48,1646064294.0,1
73.6,1646064295.0,1
73.7,1646064296.0,1
73.77,1646064297.0,1
73.9,1646064298.0,1
73.98,1646064299.0,1
74.07,1646064300.0,1
74.03,1646064301.0,1
74.02,1646064302.0,1
74.0,1646064303.0,1
73.98,1646064304.0,1
73.88,1646064305.0,1
73.78,1646064306.0,1
73.68,1646064307.0,1
73.57,1646064308.0,1
73.45,1646064309.0,1
73.32,1646064310.0,1
73.18,1646064311.0,1
73.02,1646064312.0,1
72.83,1646064313.0,1
72.67,1646064314.0,1
72.5,1646064315.0,1
72.32,1646064316.0,1
72.15,1646064317.0,1
71.95,1646064318.0,1
71.97,1646064319.0,1
71.92,1646064320.0,1
71.83,1646064321.0,1
71.72,1646064322.0,1
71.62,1646064323.0,1
71.67,1646064324.0,1
71.77,1646064325.0,1
72.05,1646064326.0,1
72.33,1646064327.0,1
72.67,1646064328.0,1
72.92,1646064329.0,1
73.17,1646064330.0,1
73.45,1646064331.0,1
73.67,1646064332.0,1
73.93,1646064333.0,1
74.17,1646064334.0,1
74.38,1646064335.0,1
74.58,1646064336.0,1
74.77,1646064337.0,1
74.93,1646064338.0,1
75.1,1646064339.0,1
75.28,1646064340.0,1
75.48,1646064341.0,1
75.68,1646064342.0,1
75.85,1646064343.0,1
75.95,1646064344.0,1
76.03,1646064345.0,1
76.12,1646064346.0,1
76.22,1646064347.0,1
76.32,1646064348.0,1
76.4,1646064349.0,1
76.47,1646064350.0,1
76.53,1646064351.0,1
76.6,1646064352.0,1
76.68,1646064353.0,1
76.77,1646064354.0,1
76.88,1646064355.0,1
77.03,1646064356.0,1
77.17,1646064357.0,1
77.3,1646064358.0,1
77.43,1646064359.0,1
77.53,1646064360.0,1
77.63,1646064361.0,1
77.73,1646064362.0,1
77.87,1646064363.0,1
77.98,1646064364.0,1
78.17,1646064365.0,1
78.42,1646064366.0,1
78.53,1646064367.0,1
78.63,1646064368.0,1
78.75,1646064369.0,1
78.8,1646064370.0,1
78.87,1646064371.0,1
78.97,1646064372.0,1
79.03,1646064373.0,1
79.07,1646064374.0,1
79.07,1646064375.0,1
79.08,1646064376.0,1
79.12,1646064377.0,1
79.17,1646064378.0,1
79.07,1646064379.0,1
79.1,1646064380.0,1
79.17,1646064381.0,1
79.27,1646064382.0,1
79.35,1646064383.0,1
79.32,1646064384.0,1
79.18,1646064385.0,1
78.87,1646064386.0,1
78.5,1646064387.0,1
78.12,1646064388.0,1
78.02,1646064389.0,1
77.98,1646064390.0,1
77.93,1646064391.0,1
77.98,1646064392.0,1
78.02,1646064393.0,1
78.07,1646064394.0,1
78.15,1646064395.0,1
78.22,1646064396.0,1
78.25,1646064397.0,1
78.22,1646064398.0,1
78.2,1646064399.0,1
78.15,1646064400.0,1
78.07,1646064401.0,1
77.97,1646064402.0,1
77.88,1646064403.0,1
77.88,1646064404.0,1
77.82,1646064405.0,1
77.82,1646064406.0,1
77.82,1646064407.0,1
77.82,1646064408.0,1
77.78,1646064409.0,1
77.73,1646064410.0,1
77.52,1646064411.0,1
77.3,1646064412.0,1
77.07,1646064413.0,1
76.83,1646064414.0,1
76.6,1646064415.0,1
76.33,1646064416.0,1
76.43,1646064417.0,1
76.58,1646064418.0,1
76.78,1646064419.0,1
76.97,1646064420.0,1
77.15,1646064421.0,1
77.28,1646064422.0,1
77.28,1646064423.0,1
77.3,1646064424.0,1
77.28,1646064425.0,1
77.22,1646064426.0,1
77.32,1646064427.0,1
77.42,1646064428.0,1
77.48,1646064429.0,1
77.57,1646064430.0,1
77.63,1646064431.0,1
77.68,1646064432.0,1
77.75,1646064433.0,1
77.73,1646064434.0,1
77.72,1646064435.0,1
77.67,1646064436.0,1
77.8,1646064437.0,1
77.97,1646064438.0,1
78.13,1646064439.0,1
78.25,1646064440.0,1
78.32,1646064441.0,1
78.38,1646064442.0,1
78.48,1646064443.0,1
78.62,1646064444.0,1
78.88,1646064445.0,1
79.12,1646064446.0,1
79.4,1646064447.0,1
79.75,1646064448.0,1
79.85,1646064449.0,1
79.9,1646064450.0,1
79.92,1646064451.0,1
79.85,1646064452.0,1
79.75,1646064453.0,1
79.65,1646064454.0,1
79.53,1646064455.0,1
79.43,1646064456.0,1
79.35,1646064457.0,1
79.3,1646064458.0,1
79.18,1646064459.0,1
79.15,1646064460.0,1
79.13,1646064461.0,1
79.28,1646064462.0,1
79.45,1646064463.0,1
79.6,1646064464.0,1
79.87,1646064465.0,1
80.07,1646064466.0,1
80.28,1646064467.0,1
80.53,1646064468.0,1
80.75,1646064469.0,1
80.95,1646064470.0,1
81.27,1646064471.0,1
81.42,1646064472.0,1
81.62,1646064473.0,1
81.83,1646064474.0,1
82.03,1646064475.0,1
82.27,1646064476.0,1
82.15,1646064477.0,1
81.98,1646064478.0,1
81.75,1646064479.0,1
81.55,1646064480.0,1
81.33,1646064481.0,1
81.12,1646064482.0,1
81.02,1646064483.0,1
80.95,1646064484.0,1
80.9,1646064485.0,1
80.83,1646064486.0,1
80.75,1646064487.0,1
80.68,1646064488.0,1
80.65,1646064489.0,1
80.7,1646064490.0,1
80.73,1646064491.0,1
80.82,1646064492.0,1
80.88,1646064493.0,1
81.05,1646064494.0,1
81.25,1646064495.0,1
81.48,1646064496.0,1
81.52,1646064497.0,1
81.5,1646064498.0,1
81.47,1646064499.0,1
81.43,1646064500.0,1
81.43,1646064501.0,1
81.52,1646064502.0,1
81.57,1646064503.0,1
81.52,1646064504.0,1
81.33,1646064505.0,1
81.15,1646064506.0,1
81.07,1646064507.0,1
80.87,1646064508.0,1
80.63,1646064509.0,1
80.38,1646064510.0,1
80.18,1646064511.0,1
79.88,1646064512.0,1
79.63,1646064513.0,1
79.13,1646064514.0,1
78.67,1646064515.0,1
78.23,1646064516.0,1
77.83,1646064517.0,1
77.58,1646064518.0,1
77.4,1646064519.0,1
77.15,1646064520.0,1
76.87,1646064521.0,1
76.4,1646064522.0,1
76.02,1646064523.0,1
75.63,1646064524.0,1
75.22,1646064525.0,1
74.92,1646064526.0,1
74.58,1646064527.0,1
74.25,1646064528.0,1
73.98,1646064529.0,1
73.78,1646064530.0,1
73.6,1646064531.0,1
73.62,1646064532.0,1
73.65,1646064533.0,1
73.65,1646064534.0,1
73.63,1646064535.0,1
73.67,1646064536.0,1
73.72,1646064537.0,1
73.78,1646064538.0,1
73.83,1646064539.0,1
73.8,1646064540.0,1
73.78,1646064541.0,1
73.82,1646064542.0,1
73.87,1646064543.0,1
73.85,1646064544.0,1
73.87,1646064545.0,1
73.9,1646064546.0,1
73.97,1646064547.0,1
74.05,1646064548.0,1
74.13,1646064549.0,1
74.12,1646064550.0,1
74.13,1646064551.0,1
74.08,1646064552.0,1
74.03,1646064553.0,1
74.03,1646064554.0,1
73.97,1646064555.0,1
73.75,1646064556.0,1
73.53,1646064557.0,1
73.43,1646064558.0,1
73.32,1646064559.0,1
73.22,1646064560.0,1
73.17,1646064561.0,1
73.05,1646064562.0,1
72.82,1646064563.0,1
72.67,1646064564.0,1
72.7,1646064565.0,1
72.77,1646064566.0,1
72.7,1646064567.0,1
72.73,1646064568.0,1
72.82,1646064569.0,1
72.93,1646064570.0,1
73.03,1646064571.0,1
73.25,1646064572.0,1
73.5,1646064573.0,1
74.02,1646064574.0,1
74.5,1646064575.0,1
74.95,1646064576.0,1
75.23,1646064577.0,1
75.37,1646064578.0,1
75.77,1646064579.0,1
76.17,1646064580.0,1
76.35,1646064581.0,1
76.52,1646064582.0,1
76.62,1646064583.0,1
76.72,1646064584.0,1
76.85,1646064585.0,1
76.88,1646064586.0,1
76.9,1646064587.0,1
76.87,1646064588.0,1
76.83,1646064589.0,1
76.8,1646064590.0,1
76.77,1646064591.0,1
76.7,1646064592.0,1
76.6,1646064593.0,1
76.52,1646064594.0,1
76.45,1646064595.0,1
76.32,1646064596.0,1
76.18,1646064597.0,1
75.92,1646064598.0,1
75.77,1646064599.0,1
75.68,1646064600.0,1
75.62,1646064601.0,1
75.52,1646064602.0,1
75.35,1646064603.0,1
75.3,1646064604.0,1
75.25,1646064605.0,1
75.2,1646064606.0,1
75.05,1646064607.0,1
74.9,1646064608.0,1
75.0,1646064609.0,1
75.17,1646064610.0,1
75.28,1646064611.0,1
75.45,1646064612.0,1
75.6,1646064613.0,1
75.72,1646064614.0,1
75.88,1646064615.0,1
76.17,1646064616.0,1
76.47,1646064617.0,1
76.67,1646064618.0,1
76.85,1646064619.0,1
76.98,1646064620.0,1
77.08,1646064621.0,1
77.18,1646064622.0,1
77.37,1646064623.0,1
77.57,1646064624.0,1
77.62,1646064625.0,1
77.68,1646064626.0,1
77.78,1646064627.0,1
77.82,1646064628.0,1
77.82,1646064629.0,1
77.77,1646064630.0,1
77.75,1646064631.0,1
77.75,1646064632.0,1
77.68,1646064633.0,1
77.52,1646064634.0,1
77.33,1646064635.0,1
77.13,1646064636.0,1
77.13,1646064637.0,1
77.23,1646064638.0,1
77.05,1646064639.0,1
76.88,1646064640.0,1
76.88,1646064641.0,1
76.93,1646064642.0,1
76.97,1646064643.0,1
77.02,1646064644.0,1
77.05,1646064645.0,1
77.08,1646064646.0,1
77.15,1646064647.0,1
77.28,1646064648.0,1
77.38,1646064649.0,1
77.47,1646064650.0,1
77.53,1646064651.0,1
77.6,1646064652.0,1
77.6,1646064653.0,1
77.6,1646064654.0,1
77.62,1646064655.0,1
77.63,1646064656.0,1
77.6,1646064657.0,1
77.68,1646064658.0,1
77.6,1646064659.0,1
77.48,1646064660.0,1
77.38,1646064661.0,1
77.32,1646064662.0,1
77.3,1646064663.0,1
77.15,1646064664.0,1
76.98,1646064665.0,1
76.78,1646064666.0,1
76.67,1646064667.0,1
76.62,1646064668.0,1
76.3,1646064669.0,1
75.97,1646064670.0,1
75.72,1646064671.0,1
75.43,1646064672.0,1
75.2,1646064673.0,1
74.92,1646064674.0,1
74.65,1646064675.0,1
74.37,1646064676.0,1
74.1,1646064677.0,1
73.8,1646064678.0,1
73.48,1646064679.0,1
73.2,1646064680.0,1
72.88,1646064681.0,1
72.53,1646064682.0,1
72.2,1646064683.0,1
71.85,1646064684.0,1
71.48,1646064685.0,1
71.07,1646064686.0,1
70.62,1646064687.0,1
70.2,1646064688.0,1
69.82,1646064689.0,1
69.48,1646064690.0,1
69.13,1646064691.0,1
68.82,1646064692.0,1
68.52,1646064693.0,1
68.3,1646064694.0,1
68.1,1646064695.0,1
67.95,1646064696.0,1
67.73,1646064697.0,1
67.42,1646064698.0,1
67.13,1646064699.0,1
66.82,1646064700.0,1
66.65,1646064701.0,1
66.48,1646064702.0,1
66.32,1646064703.0,1
66.13,1646064704.0,1
66.02,1646064705.0,1
65.9,1646064706.0,1
65.77,1646064707.0,1
65.62,1646064708.0,1
65.48,1646064709.0,0
65.33,1646064710.0,0
65.18,1646064711.0,0
65.05,1646064712.0,0
64.95,1646064713.0,0
64.85,1646064714.0,0
64.83,1646064715.0,0
64.82,1646064716.0,0
64.88,1646064717.0,0
64.93,1646064718.0,0
65.12,1646064719.0,0
65.35,1646064720.0,0
65.57,1646064721.0,0
65.77,1646064722.0,0
65.97,1646064723.0,0
66.2,1646064724.0,0
66.43,1646064725.0,0
66.63,1646064726.0,0
66.8,1646064727.0,0
66.92,1646064728.0,0
66.98,1646064729.0,0
67.03,1646064730.0,0
67.0,1646064731.0,0
66.93,1646064732.0,0
66.93,1646064733.0,0
66.97,1646064734.0,0
66.98,1646064735.0,0
67.03,1646064736.0,0
67.17,1646064737.0,0
67.33,1646064738.0,0
67.53,1646064739.0,0
67.73,1646064740.0,0
68.03,1646064741.0,0
68.33,1646064742.0,0
68.67,1646064743.0,0
68.97,1646064744.0,0
69.28,1646064745.0,0
69.63,1646064746.0,0
70.02,1646064747.0,0
70.33,1646064748.0,0
70.6,1646064749.0,0
70.85,1646064750.0,0
71.03,1646064751.0,0
71.18,1646064752.0,0
71.32,1646064753.0,0
71.43,1646064754.0,0
71.6,1646064755.0,0
71.77,1646064756.0,0
71.93,1646064757.0,0
72.1,1646064758.0,0
72.23,1646064759.0,0
72.38,1646064760.0,0
72.4,1646064761.0,0
72.43,1646064762.0,0
72.5,1646064763.0,0
72.57,1646064764.0,0
72.57,1646064765.0,0
72.57,1646064766.0,0
72.58,1646064767.0,0
72.57,1646064768.0,0
72.52,1646064769.0,0
72.47,1646064770.0,0
72.45,1646064771.0,0
72.4,1646064772.0,0
72.37,1646064773.0,0
72.37,1646064774.0,0
72.33,1646064775.0,0
72.3,1646064776.0,0
72.27,1646064777.0,0
72.27,1646064778.0,0
72.22,1646064779.0,0
72.17,1646064780.0,0
72.12,1646064781.0,0
72.08,1646064782.0,0
72.05,1646064783.0,0
72.05,1646064784.0,0
72.08,1646064785.0,0
72.17,1646064786.0,0
72.3,1646064787.0,0
72.4,1646064788.0,0
72.57,1646064789.0,0
72.72,1646064790.0,0
72.88,1646064791.0,0
73.07,1646064792.0,0
73.15,1646064793.0,0
73.23,1646064794.0,0
73.42,1646064795.0,0
73.6,1646064796.0,0
73.73,1646064797.0,0
73.93,1646064798.0,0
74.13,1646064799.0,0
74.43,1646064800.0,0
74.63,1646064801.0,0
74.87,1646064802.0,0
75.13,1646064803.0,0
75.45,1646064804.0,0
75.75,1646064805.0,0
76.13,1646064806.0,0
76.62,1646064807.0,0
77.1,1646064808.0,0
77.55,1646064809.0,0
78.0,1646064810.0,0
78.47,1646064811.0,0
78.97,1646064812.0,0
79.47,1646064813.0,0
79.98,1646064814.0,0
80.43,1646064815.0,0
80.85,1646064816.0,0
81.27,1646064817.0,0
81.73,1646064818.0,0
82.23,1646064819.0,0
82.68,1646064820.0,0
83.2,1646064821.0,0
83.72,1646064822.0,0
84.18,1646064823.0,0
84.7,1646064824.0,0
85.2,1646064825.0,0
85.72,1646064826.0,0
86.2,1646064827.0,0
86.63,1646064828.0,0
87.02,1646064829.0,0
87.43,1646064830.0,0
87.78,1646064831.0,0
88.17,1646064832.0,0
88.58,1646064833.0,0
88.97,1646064834.0,0
89.28,1646064835.0,0
89.62,1646064836.0,0
89.93,1646064837.0,0
90.22,1646064838.0,0
90.57,1646064839.0,0
90.9,1646064840.0,0
91.2,1646064841.0,0
91.48,1646064842.0,0
91.78,1646064843.0,0
92.1,1646064844.0,0
92.43,1646064845.0,0
92.77,1646064846.0,0
93.05,1646064847.0,0
93.35,1646064848.0,0
93.67,1646064849.0,0
94.02,1646064850.0,0
94.37,1646064851.0,0
94.7,1646064852.0,0
95.07,1646064853.0,0
95.42,1646064854.0,0
95.67,1646064855.0,0
95.95,1646064856.0,0
96.15,1646064857.0,0
96.28,1646064858.0,0
96.37,1646064859.0,0
96.33,1646064860.0,0
96.35,1646064861.0,0
96.37,1646064862.0,0
96.33,1646064863.0,0
96.25,1646064864.0,0
96.15,1646064865.0,0
95.95,1646064866.0,0
95.65,1646064867.0,0
95.42,1646064868.0,0
95.25,1646064869.0,0
95.03,1646064870.0,0
94.9,1646064871.0,0
94.75,1646064872.0,0
94.62,1646064873.0,0
94.5,1646064874.0,0
94.37,1646064875.0,0
94.22,1646064876.0,0
94.08,1646064877.0,0
93.93,1646064878.0,0
93.78,1646064879.0,0
93.68,1646064880.0,0
93.6,1646064881.0,0
93.5,1646064882.0,0
93.4,1646064883.0,0
93.23,1646064884.0,0
93.07,1646064885.0,0
92.87,1646064886.0,0
92.67,1646064887.0,0
92.48,1646064888.0,0
92.38,1646064889.0,0
92.23,1646064890.0,0
92.17,1646064891.0,0
92.08,1646064892.0,0
91.98,1646064893.0,0
91.82,1646064894.0,0
91.73,1646064895.0,0
91.63,1646064896.0,0
91.53,1646064897.0,0
91.43,1646064898.0,0
91.23,1646064899.0,0
91.02,1646064900.0,0
90.77,1646064901.0,0
90.52,1646064902.0,0
90.2,1646064903.0,0
89.87,1646064904.0,0
89.52,1646064905.0,0
89.15,1646064906.0,0
88.77,1646064907.0,0
88.4,1646064908.0,0
87.98,1646064909.0,0
87.57,1646064910.0,0
87.17,1646064911.0,0
86.8,1646064912.0,0
86.43,1646064913.0,0
86.08,1646064914.0,0
85.75,1646064915.0,0
85.37,1646064916.0,0
85.02,1646064917.0,0
84.67,1646064918.0,0
84.37,1646064919.0,0
84.03,1646064920.0,0
83.68,1646064921.0,0
83.28,1646064922.0,0
82.88,1646064923.0,0
82.52,1646064924.0,0
82.15,1646064925.0,0
81.75,1646064926.0,0
81.35,1646064927.0,0
80.97,1646064928.0,0
80.63,1646064929.0,0
80.32,1646064930.0,0
79.93,1646064931.0,0
79.55,1646064932.0,0
79.17,1646064933.0,0
78.78,1646064934.0,0
78.4,1646064935.0,0
78.03,1646064936.0,0
77.68,1646064937.0,0
77.35,1646064938.0,0
77.0,1646064939.0,0
76.65,1646064940.0,0
76.28,1646064941.0,0
75.93,1646064942.0,0
75.58,1646064943.0,0
75.25,1646064944.0,0
74.93,1646064945.0,0
74.63,1646064946.0,0
74.33,1646064947.0,0
74.03,1646064948.0,0
73.77,1646064949.0,0
73.53,1646064950.0,0
73.28,1646064951.0,0
73.07,1646064952.0,0
72.77,1646064953.0,0
72.52,1646064954.0,0
72.17,1646064955.0,0
71.9,1646064956.0,0
71.62,1646064957.0,0
71.35,1646064958.0,0
71.07,1646064959.0,0
70.87,1646064960.0,0
70.78,1646064961.0,0
70.68,1646064962.0,0
70.63,1646064963.0,0
70.57,1646064964.0,0
70.48,1646064965.0,0
70.4,1646064966.0,0
70.35,1646064967.0,0
70.3,1646064968.0,0
70.27,1646064969.0,0
70.25,1646064970.0,0
70.23,1646064971.0,0
70.23,1646064972.0,0
70.25,1646064973.0,0
70.28,1646064974.0,0
70.3,1646064975.0,0
70.27,1646064976.0,0
70.25,1646064977.0,0
70.22,1646064978.0,0
70.18,1646064979.0,0
70.25,1646064980.0,0
70.33,1646064981.0,0
70.47,1646064982.0,0
70.63,1646064983.0,0
70.8,1646064984.0,0
70.97,1646064985.0,0
71.18,1646064986.0,0
71.37,1646064987.0,0
71.53,1646064988.0,0
71.65,1646064989.0,0
71.78,1646064990.0,0
71.93,1646064991.0,0
72.08,1646064992.0,0
72.23,1646064993.0,0
72.37,1646064994.0,0
72.5,1646064995.0,0
72.63,1646064996.0,0
72.72,1646064997.0,0
72.77,1646064998.0,0
72.82,1646064999.0,0
72.87,1646065000.0,0
72.93,1646065001.0,0
72.98,1646065002.0,0
73.07,1646065003.0,0
73.15,1646065004.0,0
73.22,1646065005.0,0
73.3,1646065006.0,0
73.38,1646065007.0,0
73.5,1646065008.0,0
73.6,1646065009.0,0
73.72,1646065010.0,0
73.82,1646065011.0,0
73.88,1646065012.0,0
74.03,1646065013.0,0
74.18,1646065014.0,0
74.35,1646065015.0,0
74.48,1646065016.0,0
74.63,1646065017.0,0
74.73,1646065018.0,0
74.87,1646065019.0,0
74.95,1646065020.0,0
74.95,1646065021.0,0
74.97,1646065022.0,0
74.93,1646065023.0,0
74.88,1646065024.0,0
74.82,1646065025.0,0
74.78,1646065026.0,0
74.78,1646065027.0,0
74.63,1646065028.0,0
74.48,1646065029.0,0
74.35,1646065030.0,0
74.22,1646065031.0,0
74.07,1646065032.0,0
73.95,1646065033.0,0
73.83,1646065034.0,0
73.7,1646065035.0,0
73.65,1646065036.0,0
73.58,1646065037.0,0
73.53,1646065038.0,0
73.5,1646065039.0,0
73.43,1646065040.0,0
73.35,1646065041.0,0
73.25,1646065042.0,0
73.12,1646065043.0,0
73.0,1646065044.0,0
72.92,1646065045.0,0
72.82,1646065046.0,0
72.73,1646065047.0,0
72.67,1646065048.0,0
72.6,1646065049.0,0
72.53,1646065050.0,0
72.48,1646065051.0,0
72.47,1646065052.0,0
72.45,1646065053.0,0
72.43,1646065054.0,0
72.45,1646065055.0,0
72.43,1646065056.0,0
72.43,1646065057.0,0
72.4,1646065058.0,0
72.35,1646065059.0,0
72.28,1646065060.0,1
72.2,1646065061.0,1
72.15,1646065062.0,1
72.08,1646065063.0,1
71.98,1646065064.0,1
71.87,1646065065.0,1
71.72,1646065066.0,1
71.6,1646065067.0,1
71.63,1646065068.0,1
71.58,1646065069.0,1
71.53,1646065070.0,1
71.48,1646065071.0,1
71.45,1646065072.0,1
71.42,1646065073.0,1
71.42,1646065074.0,1
71.45,1646065075.0,1
71.5,1646065076.0,1
71.5,1646065077.0,1
71.55,1646065078.0,1
71.62,1646065079.0,1
71.73,1646065080.0,1
71.85,1646065081.0,1
71.93,1646065082.0,1
72.07,1646065083.0,1
72.03,1646065084.0,1
72.03,1646065085.0,1
72.05,1646065086.0,1
72.03,1646065087.0,1
72.18,1646065088.0,1
72.33,1646065089.0,1
72.45,1646065090.0,1
72.57,1646065091.0,1
72.68,1646065092.0,1
72.73,1646065093.0,1
72.77,1646065094.0,1
72.8,1646065095.0,1
72.82,1646065096.0,1
72.83,1646065097.0,1
72.88,1646065098.0,1
72.92,1646065099.0,1
72.92,1646065100.0,1
72.95,1646065101.0,1
72.98,1646065102.0,1
73.03,1646065103.0,1
73.08,1646065104.0,1
73.15,1646065105.0,1
73.22,1646065106.0,1
73.27,1646065107.0,1
73.3,1646065108.0,1
73.33,1646065109.0,1
73.37,1646065110.0,1
73.38,1646065111.0,1
73.33,1646065112.0,1
73.28,1646065113.0,1
73.25,1646065114.0,1
73.22,1646065115.0,1
73.22,1646065116.0,1
73.22,1646065117.0,1
73.28,1646065118.0,1
73.4,1646065119.0,1
73.53,1646065120.0,1
73.73,1646065121.0,1
73.93,1646065122.0,1
74.13,1646065123.0,1
74.37,1646065124.0,1
74.62,1646065125.0,1
74.85,1646065126.0,1
75.05,1646065127.0,1
75.08,1646065128.0,1
75.13,1646065129.0,1
75.17,1646065130.0,1
75.2,1646065131.0,1
75.27,1646065132.0,1
75.3,1646065133.0,1
75.48,1646065134.0,1
75.65,1646065135.0,1
75.73,1646065136.0,1
75.87,1646065137.0,1
76.03,1646065138.0,1
76.22,1646065139.0,1
76.33,1646065140.0,1
76.47,1646065141.0,1
76.63,1646065142.0,1
76.77,1646065143.0,1
77.12,1646065144.0,1
77.48,1646065145.0,1
77.8,1646065146.0,1
78.1,1646065147.0,1
78.37,1646065148.0,1
78.63,1646065149.0,1
78.8,1646065150.0,1
78.92,1646065151.0,1
79.03,1646065152.0,1
79.15,1646065153.0,1
79.27,1646065154.0,1
79.38,1646065155.0,1
79.5,1646065156.0,1
79.63,1646065157.0,1
79.73,1646065158.0,1
79.85,1646065159.0,1
79.97,1646065160.0,1
80.08,1646065161.0,1
80.23,1646065162.0,1
80.38,1646065163.0,1
80.52,1646065164.0,1
80.63,1646065165.0,1
80.75,1646065166.0,1
80.85,1646065167.0,1
80.88,1646065168.0,1
80.92,1646065169.0,1
81.0,1646065170.0,1
81.1,1646065171.0,1
81.23,1646065172.0,1
81.38,1646065173.0,1
81.58,1646065174.0,1
81.77,1646065175.0,1
81.97,1646065176.0,1
82.18,1646065177.0,1
82.42,1646065178.0,1
82.57,1646065179.0,1
82.7,1646065180.0,1
82.82,1646065181.0,1
82.9,1646065182.0,1
82.95,1646065183.0,1
82.98,1646065184.0,1
83.05,1646065185.0,1
83.2,1646065186.0,1
83.32,1646065187.0,1
83.45,1646065188.0,1
83.65,1646065189.0,0
83.83,1646065190.0,0
84.05,1646065191.0,0
84.22,1646065192.0,0
84.38,1646065193.0,0
84.37,1646065194.0,0
84.33,1646065195.0,0
84.3,1646065196.0,0
84.22,1646065197.0,0
84.08,1646065198.0,0
83.93,1646065199.0,0
83.77,1646065200.0,0
83.52,1646065201.0,0
83.28,1646065202.0,0
83.07,1646065203.0,0
82.8,1646065204.0,0
82.45,1646065205.0,0
82.13,1646065206.0,0
81.88,1646065207.0,0
81.73,1646065208.0,0
81.53,1646065209.0,0
81.55,1646065210.0,0
81.63,1646065211.0,0
81.7,1646065212.0,0
81.8,1646065213.0,0
81.92,1646065214.0,0
82.1,1646065215.0,0
82.3,1646065216.0,0
82.48,1646065217.0,0
82.65,1646065218.0,0
82.82,1646065219.0,0
83.03,1646065220.0,0
83.18,1646065221.0,0
83.27,1646065222.0,0
83.35,1646065223.0,0
83.45,1646065224.0,0
83.58,1646065225.0,0
83.75,1646065226.0,0
83.93,1646065227.0,0
84.18,1646065228.0,0
84.42,1646065229.0,0
84.62,1646065230.0,0
84.7,1646065231.0,0
84.78,1646065232.0,0
84.83,1646065233.0,0
84.78,1646065234.0,0
84.67,1646065235.0,0
84.55,1646065236.0,0
84.42,1646065237.0,0
84.22,1646065238.0,0
84.08,1646065239.0,0
83.97,1646065240.0,0
83.8,1646065241.0,0
83.65,1646065242.0,0
83.53,1646065243.0,0
83.43,1646065244.0,0
83.25,1646065245.0,0
83.05,1646065246.0,0
82.93,1646065247.0,0
82.82,1646065248.0,0
82.72,1646065249.0,0
82.65,1646065250.0,0
82.57,1646065251.0,0
82.48,1646065252.0,0
82.42,1646065253.0,0
82.35,1646065254.0,0
82.27,1646065255.0,0
82.18,1646065256.0,0
82.08,1646065257.0,0
81.97,1646065258.0,0
81.88,1646065259.0,0
81.8,1646065260.0,0
81.8,1646065261.0,0
82.23,1646065262.0,0
82.65,1646065263.0,0
83.1,1646065264.0,0
83.57,1646065265.0,0
84.03,1646065266.0,0
84.42,1646065267.0,0
84.7,1646065268.0,0
85.05,1646065269.0,0
85.28,1646065270.0,0
85.1,1646065271.0,0
84.9,1646065272.0,0
84.63,1646065273.0,0
84.35,1646065274.0,0
83.9,1646065275.0,0
83.45,1646065276.0,0
83.15,1646065277.0,0
82.9,1646065278.0,0
82.58,1646065279.0,0
82.25,1646065280.0,0
81.95,1646065281.0,0
81.68,1646065282.0,0
81.42,1646065283.0,0
81.1,1646065284.0,0
80.85,1646065285.0,0
80.58,1646065286.0,0
80.27,1646065287.0,0
79.97,1646065288.0,0
79.68,1646065289.0,0
79.37,1646065290.0,0
79.28,1646065291.0,0
79.27,1646065292.0,0
79.25,1646065293.0,0
79.28,1646065294.0,0
79.38,1646065295.0,0
79.47,1646065296.0,0
79.58,1646065297.0,0
79.65,1646065298.0,0
79.7,1646065299.0,0
79.73,1646065300.0,0
79.77,1646065301.0,0
79.82,1646065302.0,0
79.8,1646065303.0,0
79.73,1646065304.0,0
79.72,1646065305.0,0
79.67,1646065306.0,0
79.6,1646065307.0,0
79.52,1646065308.0,0
79.4,1646065309.0,0
79.25,1646065310.0,0
79.07,1646065311.0,0
78.87,1646065312.0,0
78.6,1646065313.0,0
78.37,1646065314.0,0
78.18,1646065315.0,0
78.02,1646065316.0,0
77.93,1646065317.0,0
77.88,1646065318.0,0
77.8,1646065319.0,0
77.77,1646065320.0,0
77.73,1646065321.0,0
77.23,1646065322.0,0
76.75,1646065323.0,0
76.25,1646065324.0,0
75.83,1646065325.0,0
75.3,1646065326.0,0
74.77,1646065327.0,0
74.35,1646065328.0,0
73.93,1646065329.0,0
73.55,1646065330.0,0
73.57,1646065331.0,0
73.6,1646065332.0,0
73.57,1646065333.0,0
73.58,1646065334.0,0
73.72,1646065335.0,0
73.83,1646065336.0,0
73.78,1646065337.0,0
73.7,1646065338.0,0
73.67,1646065339.0,0
73.62,1646065340.0,0
73.58,1646065341.0,0
73.55,1646065342.0,0
73.52,1646065343.0,0
73.53,1646065344.0,0
73.48,1646065345.0,0
73.43,1646065346.0,0
73.47,1646065347.0,0
73.48,1646065348.0,0
73.5,1646065349.0,0
73.52,1646065350.0,0
73.38,1646065351.0,0
73.18,1646065352.0,0
72.98,1646065353.0,0
72.75,1646065354.0,0
72.52,1646065355.0,0
72.28,1646065356.0,0
72.03,1646065357.0,0
71.85,1646065358.0,0
71.7,1646065359.0,0
71.55,1646065360.0,0
71.38,1646065361.0,0
71.2,1646065362.0,0
71.07,1646065363.0,0
70.95,1646065364.0,0
70.82,1646065365.0,0
70.68,1646065366.0,0
70.52,1646065367.0,0
70.37,1646065368.0,0
70.27,1646065369.0,0
70.23,1646065370.0,0
70.22,1646065371.0,0
70.2,1646065372.0,0
70.23,1646065373.0,0
70.23,1646065374.0,0
70.07,1646065375.0,0
69.92,1646065376.0,0
69.63,1646065377.0,0
69.4,1646065378.0,0
69.17,1646065379.0,0
68.9,1646065380.0,0
68.85,1646065381.0,0
68.85,1646065382.0,0
68.9,1646065383.0,0
68.97,1646065384.0,0
69.02,1646065385.0,0
69.17,1646065386.0,0
69.33,1646065387.0,0
69.38,1646065388.0,0
69.42,1646065389.0,0
69.45,1646065390.0,0
69.45,1646065391.0,0
69.45,1646065392.0,0
69.55,1646065393.0,0
69.62,1646065394.0,0
69.72,1646065395.0,0
69.82,1646065396.0,0
69.82,1646065397.0,0
70.07,1646065398.0,0
70.37,1646065399.0,0
70.67,1646065400.0,0
70.97,1646065401.0,0
71.2,1646065402.0,0
71.43,1646065403.0,0
71.63,1646065404.0,0
71.63,1646065405.0,0
71.62,1646065406.0,0
71.65,1646065407.0,0
71.68,1646065408.0,0
71.72,1646065409.0,0
71.77,1646065410.0,0
71.83,1646065411.0,0
71.9,1646065412.0,0
71.93,1646065413.0,0
72.02,1646065414.0,0
72.1,1646065415.0,0
72.18,1646065416.0,0
72.23,1646065417.0,0
72.32,1646065418.0,0
72.37,1646065419.0,0
72.42,1646065420.0,0
72.47,1646065421.0,0
72.52,1646065422.0,0
72.57,1646065423.0,0
72.65,1646065424.0,0
72.75,1646065425.0,0
72.82,1646065426.0,0
72.9,1646065427.0,0
72.98,1646065428.0,0
73.05,1646065429.0,0
73.1,1646065430.0,0
73.15,1646065431.0,0
73.23,1646065432.0,0
73.35,1646065433.0,0
73.5,1646065434.0,0
73.77,1646065435.0,0
74.03,1646065436.0,0
74.4,1646065437.0,0
74.72,1646065438.0,0
75.0,1646065439.0,0
75.28,1646065440.0,0
75.33,1646065441.0,0
75.35,1646065442.0,0
75.37,1646065443.0,0
75.38,1646065444.0,0
75.38,1646065445.0,0
75.4,1646065446.0,0
75.48,1646065447.0,0
75.58,1646065448.0,0
75.73,1646065449.0,0
75.87,1646065450.0,0
76.05,1646065451.0,0
76.23,1646065452.0,0
76.48,1646065453.0,0
76.72,1646065454.0,0
76.9,1646065455.0,0
77.12,1646065456.0,0
77.45,1646065457.0,0
77.53,1646065458.0,0
77.58,1646065459.0,0
77.47,1646065460.0,0
77.33,1646065461.0,0
77.28,1646065462.0,0
77.2,1646065463.0,0
77.15,1646065464.0,0
77.3,1646065465.0,0
77.43,1646065466.0,0
77.47,1646065467.0,0
77.5,1646065468.0,0
77.53,1646065469.0,0
77.55,1646065470.0,0
77.6,1646065471.0,0
77.65,1646065472.0,0
77.73,1646065473.0,0
77.78,1646065474.0,0
77.85,1646065475.0,0
77.92,1646065476.0,0
78.0,1646065477.0,0
78.05,1646065478.0,0
78.05,1646065479.0,0
78.08,1646065480.0,0
78.13,1646065481.0,0
78.15,1646065482.0,0
78.12,1646065483.0,0
78.12,1646065484.0,0
78.12,1646065485.0,0
78.17,1646065486.0,0
78.22,1646065487.0,0
78.25,1646065488.0,0
78.27,1646065489.0,0
78.25,1646065490.0,0
78.25,1646065491.0,0
78.23,1646065492.0,0
78.2,1646065493.0,0
78.17,1646065494.0,0
78.18,1646065495.0,0
78.18,1646065496.0,0
78.22,1646065497.0,0
78.2,1646065498.0,0
78.22,1646065499.0,0
78.23,1646065500.0,0
78.27,1646065501.0,0
78.28,1646065502.0,0
78.25,1646065503.0,0
78.2,1646065504.0,0
78.15,1646065505.0,0
78.08,1646065506.0,0
77.97,1646065507.0,0
77.82,1646065508.0,0
77.62,1646065509.0,0
77.43,1646065510.0,0
77.23,1646065511.0,0
77.07,1646065512.0,0
76.83,1646065513.0,0
76.62,1646065514.0,0
76.4,1646065515.0,0
76.15,1646065516.0,0
75.93,1646065517.0,0
75.73,1646065518.0,0
75.55,1646065519.0,0
75.55,1646065520.0,0
75.57,1646065521.0,0
75.57,1646065522.0,0
75.62,1646065523.0,0
75.67,1646065524.0,0
75.68,1646065525.0,0
75.75,1646065526.0,0
75.82,1646065527.0,0
75.87,1646065528.0,0
75.93,1646065529.0,0
76.03,1646065530.0,0
76.08,1646065531.0,0
76.12,1646065532.0,0
76.17,1646065533.0,0
76.22,1646065534.0,0
76.25,1646065535.0,0
76.33,1646065536.0,0
76.43,1646065537.0,0
76.52,1646065538.0,0
76.65,1646065539.0,0
76.77,1646065540.0,0
76.88,1646065541.0,0
77.02,1646065542.0,0
77.25,1646065543.0,0
77.55,1646065544.0,0
77.78,1646065545.0,0
78.0,1646065546.0,0
78.2,1646065547.0,0
78.45,1646065548.0,0
78.73,1646065549.0,0
78.97,1646065550.0,0
79.22,1646065551.0,0
79.45,1646065552.0,0
79.53,1646065553.0,0
79.58,1646065554.0,0
79.6,1646065555.0,0
79.62,1646065556.0,0
79.62,1646065557.0,0
79.68,1646065558.0,0
79.77,1646065559.0,0
79.93,1646065560.0,0
80.12,1646065561.0,0
80.28,1646065562.0,0
80.4,1646065563.0,0
80.52,1646065564.0,0
80.6,1646065565.0,0
80.68,1646065566.0,0
80.67,1646065567.0,0
80.7,1646065568.0,0
80.72,1646065569.0,0
80.72,1646065570.0,0
80.73,1646065571.0,0
80.72,1646065572.0,0
80.68,1646065573.0,0
80.65,1646065574.0,0
80.62,1646065575.0,0
80.6,1646065576.0,0
80.55,1646065577.0,0
80.48,1646065578.0,0
80.38,1646065579.0,0
80.28,1646065580.0,0
80.18,1646065581.0,0
80.08,1646065582.0,0
79.98,1646065583.0,0
79.88,1646065584.0,0
79.78,1646065585.0,0
79.67,1646065586.0,0
79.58,1646065587.0,0
79.53,1646065588.0,0
79.52,1646065589.0,0
79.5,1646065590.0,0
79.5,1646065591.0,0
79.53,1646065592.0,0
79.57,1646065593.0,0
79.58,1646065594.0,0
79.58,1646065595.0,0
79.52,1646065596.0,0
79.4,1646065597.0,0
79.32,1646065598.0,0
79.25,1646065599.0,0
79.17,1646065600.0,0
79.08,1646065601.0,0
79.02,1646065602.0,0
78.92,1646065603.0,0
78.72,1646065604.0,0
78.57,1646065605.0,0
78.43,1646065606.0,0
78.32,1646065607.0,0
78.17,1646065608.0,0
78.03,1646065609.0,0
77.93,1646065610.0,0
77.8,1646065611.0,0
77.67,1646065612.0,0
77.67,1646065613.0,0
77.67,1646065614.0,0
77.52,1646065615.0,0
77.5,1646065616.0,0
77.33,1646065617.0,0
77.17,1646065618.0,0
76.98,1646065619.0,0
76.72,1646065620.0,0
76.4,1646065621.0,0
76.12,1646065622.0,0
75.88,1646065623.0,0
75.67,1646065624.0,0
75.55,1646065625.0,0
75.38,1646065626.0,0
75.33,1646065627.0,0
75.25,1646065628.0,0
75.25,1646065629.0,0
75.23,1646065630.0,0
75.18,1646065631.0,0
75.17,1646065632.0,0
75.15,1646065633.0,0
75.12,1646065634.0,0
75.15,1646065635.0,0
75.18,1646065636.0,0
75.2,1646065637.0,0
75.23,1646065638.0,0
75.3,1646065639.0,0
75.38,1646065640.0,0
75.48,1646065641.0,0
75.6,1646065642.0,0
75.7,1646065643.0,0
75.8,1646065644.0,0
75.92,1646065645.0,0
76.05,1646065646.0,0
76.15,1646065647.0,0
76.22,1646065648.0,0
76.22,1646065649.0,0
76.2,1646065650.0,0
76.18,1646065651.0,0
76.15,1646065652.0,0
76.12,1646065653.0,0
76.12,1646065654.0,0
76.12,1646065655.0,0
76.15,1646065656.0,0
76.22,1646065657.0,0
76.25,1646065658.0,0
76.25,1646065659.0,0
76.25,1646065660.0,0
76.25,1646065661.0,0
76.22,1646065662.0,0
76.15,1646065663.0,0
76.1,1646065664.0,0
76.07,1646065665.0,0
76.0,1646065666.0,0
75.93,1646065667.0,0
75.92,1646065668.0,0
75.88,1646065669.0,0
75.87,1646065670.0,0
75.83,1646065671.0,0
75.8,1646065672.0,0
75.75,1646065673.0,0
75.77,1646065674.0,0
75.9,1646065675.0,0
75.87,1646065676.0,0
76.0,1646065677.0,0
76.08,1646065678.0,0
76.03,1646065679.0,0
76.18,1646065680.0,0
76.33,1646065681.0,0
76.47,1646065682.0,0
76.6,1646065683.0,0
76.72,1646065684.0,0
76.77,1646065685.0,0
76.92,1646065686.0,0
77.05,1646065687.0,0
77.2,1646065688.0,0
77.23,1646065689.0,0
77.28,1646065690.0,0
77.35,1646065691.0,0
77.45,1646065692.0,0
77.57,1646065693.0,0
77.65,1646065694.0,0
77.68,1646065695.0,0
77.67,1646065696.0,0
77.67,1646065697.0,0
77.65,1646065698.0,0
77.75,1646065699.0,0
77.8,1646065700.0,0
77.82,1646065701.0,0
77.83,1646065702.0,0
77.73,1646065703.0,0
77.63,1646065704.0,0
77.52,1646065705.0,0
77.38,1646065706.0,0
77.23,1646065707.0,0
77.08,1646065708.0,0
76.98,1646065709.0,0
76.85,1646065710.0,0
76.7,1646065711.0,0
76.57,1646065712.0,0
76.4,1646065713.0,0
76.2,1646065714.0,0
76.0,1646065715.0,0
75.8,1646065716.0,0
75.78,1646065717.0,0
75.78,1646065718.0,0
75.85,1646065719.0,0
75.98,1646065720.0,0
76.05,1646065721.0,0
76.13,1646065722.0,0
76.25,1646065723.0,0
76.35,1646065724.0,0
76.47,1646065725.0,0
76.62,1646065726.0,0
76.75,1646065727.0,0
76.82,1646065728.0,0
76.88,1646065729.0,0
76.95,1646065730.0,0
77.05,1646065731.0,0
77.18,1646065732.0,0
77.35,1646065733.0,0
77.43,1646065734.0,0
77.52,1646065735.0,0
77.65,1646065736.0,0
77.75,1646065737.0,0
77.87,1646065738.0,0
78.1,1646065739.0,0
78.1,1646065740.0,0
78.1,1646065741.0,0
78.13,1646065742.0,0
78.17,1646065743.0,0
78.18,1646065744.0,0
78.2,1646065745.0,0
78.28,1646065746.0,0
78.27,1646065747.0,0
78.22,1646065748.0,0
78.22,1646065749.0,0
78.23,1646065750.0,0
78.28,1646065751.0,0
78.32,1646065752.0,0
78.37,1646065753.0,0
78.45,1646065754.0,0
78.53,1646065755.0,0
78.65,1646065756.0,0
78.77,1646065757.0,0
78.92,1646065758.0,0
78.88,1646065759.0,0
78.9,1646065760.0,0
78.92,1646065761.0,0
78.97,1646065762.0,0
79.13,1646065763.0,0
79.3,1646065764.0,0
79.47,1646065765.0,0
79.68,1646065766.0,0
79.9,1646065767.0,0
80.15,1646065768.0,0
80.35,1646065769.0,0
80.53,1646065770.0,0
80.73,1646065771.0,0
80.9,1646065772.0,0
81.12,1646065773.0,0
81.38,1646065774.0,0
81.67,1646065775.0,0
81.93,1646065776.0,0
82.1,1646065777.0,0
82.27,1646065778.0,0
82.38,1646065779.0,0
82.47,1646065780.0,0
82.6,1646065781.0,0
82.72,1646065782.0,0
82.87,1646065783.0,0
83.0,1646065784.0,0
83.12,1646065785.0,0
83.2,1646065786.0,0
83.32,1646065787.0,0
83.42,1646065788.0,0
83.48,1646065789.0,0
83.55,1646065790.0,0
83.65,1646065791.0,0
83.7,1646065792.0,0
83.77,1646065793.0,0
83.88,1646065794.0,0
84.03,1646065795.0,0
84.18,1646065796.0,0
84.35,1646065797.0,0
84.52,1646065798.0,0
84.67,1646065799.0,0
84.9,1646065800.0,0
85.17,1646065801.0,0
85.4,1646065802.0,0
85.63,1646065803.0,0
85.88,1646065804.0,0
86.08,1646065805.0,0
86.15,1646065806.0,0
86.22,1646065807.0,0
86.28,1646065808.0,0
86.37,1646065809.0,0
86.43,1646065810.0,0
86.42,1646065811.0,0
86.33,1646065812.0,0
86.22,1646065813.0,0
86.1,1646065814.0,0
85.98,1646065815.0,0
85.87,1646065816.0,0
85.75,1646065817.0,0
85.58,1646065818.0,0
85.48,1646065819.0,0
85.4,1646065820.0,0
85.33,1646065821.0,0
85.22,1646065822.0,0
85.12,1646065823.0,0
84.98,1646065824.0,0
84.88,1646065825.0,0
84.73,1646065826.0,0
84.62,1646065827.0,0
84.5,1646065828.0,0
84.4,1646065829.0,0
84.33,1646065830.0,0
84.32,1646065831.0,0
84.28,1646065832.0,0
84.25,1646065833.0,0
84.17,1646065834.0,0
84.1,1646065835.0,0
84.07,1646065836.0,0
83.85,1646065837.0,0
83.53,1646065838.0,0
83.18,1646065839.0,0
82.83,1646065840.0,0
82.45,1646065841.0,0
82.08,1646065842.0,0
81.68,1646065843.0,0
81.28,1646065844.0,0
80.9,1646065845.0,0
80.55,1646065846.0,0
80.18,1646065847.0,0
79.87,1646065848.0,0
79.57,1646065849.0,0
79.27,1646065850.0,0
78.9,1646065851.0,0
78.53,1646065852.0,0
78.1,1646065853.0,0
77.65,1646065854.0,0
77.37,1646065855.0,0
77.1,1646065856.0,0
76.83,1646065857.0,0
76.58,1646065858.0,0
76.32,1646065859.0,0
76.1,1646065860.0,0
75.83,1646065861.0,0
75.58,1646065862.0,0
75.32,1646065863.0,0
75.03,1646065864.0,0
74.78,1646065865.0,0
74.53,1646065866.0,0
74.42,1646065867.0,0
74.32,1646065868.0,0
74.22,1646065869.0,0
74.12,1646065870.0,0
74.07,1646065871.0,0
74.05,1646065872.0,0
74.05,1646065873.0,0
74.05,1646065874.0,0
74.02,1646065875.0,0
73.98,1646065876.0,0
74.02,1646065877.0,0
74.03,1646065878.0,0
74.0,1646065879.0,0
73.88,1646065880.0,0
73.77,1646065881.0,0
73.65,1646065882.0,0
73.5,1646065883.0,0
73.22,1646065884.0,0
72.92,1646065885.0,0
72.6,1646065886.0,0
72.28,1646065887.0,0
72.1,1646065888.0,0
71.9,1646065889.0,0
71.72,1646065890.0,0
71.48,1646065891.0,0
71.42,1646065892.0,0
71.32,1646065893.0,0
71.23,1646065894.0,0
71.17,1646065895.0,0
71.13,1646065896.0,0
71.33,1646065897.0,0
71.65,1646065898.0,0
71.98,1646065899.0,0
72.23,1646065900.0,0
72.55,1646065901.0,0
72.85,1646065902.0,0
73.13,1646065903.0,0
73.4,1646065904.0,0
73.62,1646065905.0,0
73.77,1646065906.0,0
73.88,1646065907.0,0
73.98,1646065908.0,0
74.07,1646065909.0,0
74.18,1646065910.0,0
74.35,1646065911.0,0
74.57,1646065912.0,0
74.85,1646065913.0,0
75.18,1646065914.0,0
75.38,1646065915.0,0
75.55,1646065916.0,0
75.72,1646065917.0,0
75.88,1646065918.0,0
76.08,1646065919.0,0
76.2,1646065920.0,0
76.37,1646065921.0,0
76.53,1646065922.0,0
76.72,1646065923.0,0
76.9,1646065924.0,0
77.13,1646065925.0,0
77.38,1646065926.0,0
77.62,1646065927.0,0
77.65,1646065928.0,0
77.68,1646065929.0,0
77.72,1646065930.0,0
77.75,1646065931.0,0
77.8,1646065932.0,0
77.85,1646065933.0,0
77.9,1646065934.0,0
77.97,1646065935.0,0
78.03,1646065936.0,0
78.07,1646065937.0,0
78.1,1646065938.0,0
78.13,1646065939.0,0
78.22,1646065940.0,0
78.3,1646065941.0,0
78.37,1646065942.0,0
78.42,1646065943.0,0
78.63,1646065944.0,0
78.85,1646065945.0,0
79.1,1646065946.0,0
79.33,1646065947.0,0
79.43,1646065948.0,0
79.53,1646065949.0,0
79.57,1646065950.0,0
79.63,1646065951.0,0
79.87,1646065952.0,0
80.12,1646065953.0,0
80.38,1646065954.0,0
80.6,1646065955.0,0
80.8,1646065956.0,0
80.82,1646065957.0,0
80.82,1646065958.0,0
80.85,1646065959.0,0
80.97,1646065960.0,0
81.03,1646065961.0,0
80.97,1646065962.0,0
80.88,1646065963.0,0
80.85,1646065964.0,0
80.75,1646065965.0,0
80.72,1646065966.0,0
80.72,1646065967.0,0
80.72,1646065968.0,0
80.72,1646065969.0,0
80.65,1646065970.0,0
80.55,1646065971.0,0
80.43,1646065972.0,0
80.25,1646065973.0,0
80.05,1646065974.0,0
79.85,1646065975.0,0
79.67,1646065976.0,0
79.57,1646065977.0,0
79.45,1646065978.0,0
79.32,1646065979.0,0
79.17,1646065980.0,0
79.0,1646065981.0,0
78.82,1646065982.0,0
78.62,1646065983.0,0
78.43,1646065984.0,0
78.17,1646065985.0,0
77.92,1646065986.0,0
77.67,1646065987.0,0
77.62,1646065988.0,0
77.57,1646065989.0,0
77.52,1646065990.0,0
77.48,1646065991.0,0
77.43,1646065992.0,0
77.42,1646065993.0,0
77.4,1646065994.0,0
77.42,1646065995.0,0
77.5,1646065996.0,0
77.53,1646065997.0,0
77.6,1646065998.0,0
77.67,1646065999.0,0
77.7,1646066000.0,0
77.72,1646066001.0,0
77.73,1646066002.0,0
77.78,1646066003.0,0
77.77,1646066004.0,0
77.7,1646066005.0,0
77.58,1646066006.0,0
77.47,1646066007.0,0
77.3,1646066008.0,0
77.17,1646066009.0,0
77.1,1646066010.0,0
76.95,1646066011.0,0
76.48,1646066012.0,0
75.98,1646066013.0,0
75.5,1646066014.0,0
75.03,1646066015.0,0
74.53,1646066016.0,0
74.1,1646066017.0,0
73.55,1646066018.0,0
73.07,1646066019.0,0
72.58,1646066020.0,0
72.15,1646066021.0,0
71.88,1646066022.0,0
71.65,1646066023.0,0
71.55,1646066024.0,0
71.53,1646066025.0,0
71.48,1646066026.0,0
71.38,1646066027.0,0
71.28,1646066028.0,0
71.18,1646066029.0,0
71.1,1646066030.0,0
70.98,1646066031.0,0
70.8,1646066032.0,0
70.65,1646066033.0,0
70.48,1646066034.0,0
70.3,1646066035.0,0
70.12,1646066036.0,0
69.85,1646066037.0,0
69.58,1646066038.0,0
69.33,1646066039.0,0
69.08,1646066040.0,0
68.88,1646066041.0,0
68.68,1646066042.0,0
68.48,1646066043.0,0
68.28,1646066044.0,0
68.05,1646066045.0,0
67.77,1646066046.0,0
67.37,1646066047.0,0
67.18,1646066048.0,0
66.97,1646066049.0,0
66.73,1646066050.0,0
66.55,1646066051.0,0
66.37,1646066052.0,0
66.15,1646066053.0,0
65.93,1646066054.0,0
65.58,1646066055.0,0
65.17,1646066056.0,0
64.72,1646066057.0,0
64.27,1646066058.0,0
63.83,1646066059.0,0
63.45,1646066060.0,0
63.07,1646066061.0,0
62.77,1646066062.0,0
62.4,1646066063.0,0
62.05,1646066064.0,0
61.75,1646066065.0,0
61.48,1646066066.0,0
61.18,1646066067.0,0
61.07,1646066068.0,0
60.93,1646066069.0,0
60.8,1646066070.0,0
60.7,1646066071.0,0
60.57,1646066072.0,0
60.47,1646066073.0,0
60.32,1646066074.0,0
60.22,1646066075.0,0
60.1,1646066076.0,0
59.97,1646066077.0,0
59.93,1646066078.0,0
59.83,1646066079.0,0
59.72,1646066080.0,0
59.58,1646066081.0,0
59.4,1646066082.0,0
59.18,1646066083.0,0
58.8,1646066084.0,0
58.43,1646066085.0,0
58.05,1646066086.0,0
57.77,1646066087.0,0
57.48,1646066088.0,0
57.18,1646066089.0,0
56.92,1646066090.0,0
56.68,1646066091.0,0
56.52,1646066092.0,0
56.35,1646066093.0,0
56.17,1646066094.0,0
56.18,1646066095.0,0
56.17,1646066096.0,0
56.17,1646066097.0,0
56.15,1646066098.0,0
56.13,1646066099.0,0
56.12,1646066100.0,0
56.07,1646066101.0,0
55.93,1646066102.0,0
55.88,1646066103.0,0
55.83,1646066104.0,0
55.83,1646066105.0,0
55.82,1646066106.0,0
55.9,1646066107.0,0
55.77,1646066108.0,0
55.6,1646066109.0,0
55.42,1646066110.0,0
55.15,1646066111.0,0
54.9,1646066112.0,0
54.65,1646066113.0,0
54.4,1646066114.0,0
54.3,1646066115.0,0
54.57,1646066116.0,0
54.88,1646066117.0,0
55.2,1646066118.0,0
55.53,1646066119.0,0
55.83,1646066120.0,0
56.15,1646066121.0,0
56.4,1646066122.0,0
56.67,1646066123.0,0
56.95,1646066124.0,0
57.2,1646066125.0,0
57.43,1646066126.0,0
57.72,1646066127.0,0
57.85,1646066128.0,0
57.97,1646066129.0,0
58.07,1646066130.0,0
58.23,1646066131.0,0
58.43,1646066132.0,0
58.63,1646066133.0,0
58.87,1646066134.0,0
59.07,1646066135.0,0
59.28,1646066136.0,0
59.53,1646066137.0,0
59.82,1646066138.0,0
60.1,1646066139.0,0
60.37,1646066140.0,0
60.62,1646066141.0,0
60.9,1646066142.0,0
61.27,1646066143.0,0
